ticket,category
Paymnt failed,BILLING
Invoice not recvd,BILLING
Refund status?,BILLING
Charged twice,BILLING
Need updated invoice,BILLING
Subscription not cancelled,BILLING
Where is my receipt,BILLING
Renewal charge is wrong,BILLING
Overcharged this month,BILLING
Payment declined again,BILLING
"Can you resend the invoice for last month, I never received it in my inbox.",BILLING
"My card was charged but the transaction shows as failed on my end, please check.",BILLING
"I was charged twice for the same subscription renewal this week, need a refund asap.",BILLING
"Hi team, could you please clarify why my monthly plan cost increased without any notice?",BILLING
The refund I requested two weeks ago still hasn't shown up in my bank account.,BILLING
"I cancelled my plan last month but you guys still billed me for this cycle, please fix this.",BILLING
Requesting a copy of all invoices from the last quarter for our accounting records.,BILLING
Why does the receipt show a different amount than what was actually deducted from my card?,BILLING
"I'd like to switch my billing cycle from monthly to annual, is that possible mid-subscription?",BILLING
"There seems to be a duplicate transaction on my statement, could someone look into this for me?",BILLING
"Good morning, I noticed an unfamiliar charge on my credit card statement labeled with your company name, can you explain what this is for?",BILLING
"We upgraded our plan last week and expected a prorated charge, but instead we were billed the full new amount plus the old one, which doesn't seem right.",BILLING
"I have been trying to update my payment method for three days and it keeps failing at checkout, is there a known issue with the billing portal?",BILLING
"Our finance department needs a formal invoice with GST details for the payment made on the 12th, could you send that over as soon as possible?",BILLING
"Hey, quick question, does the free trial automatically convert to a paid subscription or do I need to manually upgrade after 14 days?",BILLING
"This is extremely frustrating, I've been charged for a service I cancelled two months ago and support keeps giving me the runaround, I need this resolved today.",BILLING
"Please cancel my subscription effective immediately and confirm no further charges will be made to my account, I no longer wish to continue.",BILLING
"I'm getting a payment failure error every time I try to renew, even though my card has sufficient balance, could this be a gateway issue on your end?",BILLING
Can someone explain the breakdown of charges on my last bill? There's a line item I don't recognize.,BILLING
"kindly refund the amount deducted twice for order id 4521, waiting since last week no response",BILLING
"Just wanted to confirm, will I be billed prorated amount if I downgrade my plan halfway through the cycle?",BILLING
"urgent!! money got deducted from my acc but subscription still shows inactive, pls check asap",BILLING
"I noticed the annual plan price changed since I last checked, is there a way to lock in the old rate?",BILLING
"Requesting an itemized receipt for reimbursement purposes from my employer, standard invoice isn't enough.",BILLING
"The discount code I applied at checkout wasn't reflected in the final charged amount, can this be corrected?",BILLING
"Not happy with being billed for a premium feature I never enabled, please review my account settings and refund accordingly.",BILLING
How long does a refund usually take to process once approved on your end?,BILLING
"billing dept plz check my acc, paymnt shows pending frm 3 days",BILLING
"I would like to set up auto-pay for my monthly subscription, could you guide me through the process?",BILLING
There's a mismatch between the amount quoted during signup and what was actually charged to my account.,BILLING
Need tax invoice with company GSTIN number for tax filing,BILLING
"My credit card expired and auto-renewal failed, how do I reactivate my account without losing data?",BILLING
Why was I charged sales tax when my organization is tax-exempt?,BILLING
Please update our billing address on all future receipts,BILLING
I received a payment failure notification but my bank confirmed money was debited.,BILLING
Can I get a discount for paying 2 years upfront?,BILLING
Requesting refund due to service downtime during our product launch.,BILLING
The currency charged on my statement is USD instead of EUR as selected during checkout.,BILLING
Double deduction on my mastercard statement for subscription renewal.,BILLING
I tried paying via PayPal but the payment keeps getting reversed automatically.,BILLING
Kindly issue a credit note for the overbilled amount on invoice #8892.,BILLING
Our accounting team needs to add PO number 99201 to the monthly invoice.,BILLING
"The promo code SAVE20 failed to apply at checkout, please credit the difference.",BILLING
My card was charged $49 instead of the promotional rate of $29 per month.,BILLING
Can we pay via direct bank wire transfer instead of credit card?,BILLING
"Subscribed yesterday but service not active, payment status stuck in processing.",BILLING
I need a refund for the remaining unused 6 months of my annual plan.,BILLING
Where do I download my payment history in PDF format?,BILLING
I got charged for 5 seats instead of 3 user seats on our enterprise account.,BILLING
Why is there a $5 processing fee added to my transaction?,BILLING
"Automatic payment failed due to insufficient funds, how do I retry payment now?",BILLING
Can I transfer my paid plan subscription to a different user account?,BILLING
We were billed twice on the 1st and 15th of this month for the exact same plan.,BILLING
Please send receipt for the payment made yesterday via Apple Pay.,BILLING
"Payment gateway timed out during transaction, did the charge go through?",BILLING
I want to remove my saved credit card details from your portal.,BILLING
Why is my account marked as past due when I paid two days ago?,BILLING
Need invoice copy with vendor tax ID for corporate audit.,BILLING
Is there a grace period before subscription cancellation after payment failure?,BILLING
Will I lose access immediately if I turn off auto-renew?,BILLING
Charge failed code 402 card declined by issuing bank.,BILLING
Refund requested 10 business days ago has not settled in my account.,BILLING
I need a pro-forma invoice before our procurement team can release payment.,BILLING
Can you split our billing across two separate credit cards?,BILLING
Annual subscription renewed automatically without sending prior reminder email.,BILLING
Charges appearing on my Amex statement under billing merchant name.,BILLING
How to change primary credit card for recurring monthly billing?,BILLING
Billing department contact phone number or direct email address required.,BILLING
Requesting immediate full refund for accidental plan upgrade.,BILLING
Is tax included in the $99 pricing displayed on your website?,BILLING
My company requires W-9 tax form from your finance department before paying invoice.,BILLING
Payment processed successfully but invoice status still shows unpaid in portal.,BILLING
Can we get net 30 payment terms for our enterprise tier license?,BILLING
Disputing unauthorized charge on my account from yesterday.,BILLING
"Invoice #4401 reflects incorrect company name, please reissue.",BILLING
Payment failed error 1002 invalid card CVV number.,BILLING
Do you charge extra for wire transfer processing?,BILLING
Subscription price increased from $15 to $25 without customer notification.,BILLING
I need a signed receipt for tax deduction verification.,BILLING
Kindly pause my subscription billing for 2 months while I am on vacation.,BILLING
Why am I getting billing reminder emails when my account is fully paid up?,BILLING
"Credit card charge pending for 5 days, please confirm if payment was received.",BILLING
How do I update credit card expiration date in billing settings?,BILLING
Need refund due to purchasing wrong license tier by mistake.,BILLING
Where is the invoice download link in the user dashboard?,BILLING
"Our non-profit organization qualifies for tax exemption, please remove VAT charge.",BILLING
Why did auto-charge happen on 28th instead of 1st of the month?,BILLING
"Chargeback notice received from bank, let's resolve billing issue directly.",BILLING
Requesting refund for add-on package that was never activated.,BILLING
Can I pay annual fee in 4 quarterly installments?,BILLING
Is there any charge for downgrading to the basic free plan?,BILLING
"Card charged twice $199.00 on July 25th, please refund duplicate charge.",BILLING
"Payment failure email received, updated card details in portal please re-try.",BILLING
Receipt shows $0 total charge even though my credit card was debited $50.,BILLING
Need corporate invoice addressed to our European subsidiary.,BILLING
Where can I check remaining balance on my gift card credit?,BILLING
Subscription charge failed due to zip code verification mismatch.,BILLING
Can I get a refund if I cancel within 14 days of purchase?,BILLING
Finance team requested proof of payment for transaction ref #77102.,BILLING
Unrecognized billing descriptor on my debit card statement.,BILLING
Please send updated receipt after applying referral credit discount.,BILLING
"I paid via SEPA transfer 3 days ago, why is subscription still inactive?",BILLING
Where to enter VAT identification number for reverse charge tax invoice?,BILLING
"Charged twice on initial sign-up, kindly reverse second charge.",BILLING
Will I receive an invoice notification before my card is charged next month?,BILLING
Can we pay by check for annual license key?,BILLING
Payment failed: transaction limit exceeded on credit card.,BILLING
Need breakdown of local taxes and state fees on recent bill.,BILLING
My account was suspended for non-payment but payment went through yesterday.,BILLING
Cant login,TECHNICAL
App keeps crashing,TECHNICAL
Server is down,TECHNICAL
Page not loading,TECHNICAL
API returning error,TECHNICAL
Login page frozen,TECHNICAL
Website is slow today,TECHNICAL
Upload keeps failing,TECHNICAL
Dashboard shows blank screen,TECHNICAL
"Unable to reset password, link expired immediately.",TECHNICAL
Getting 500 internal server error when saving profile.,TECHNICAL
The desktop application crashes every time I click the export to PDF button.,TECHNICAL
Database connection timed out after 30 seconds of inactivity.,TECHNICAL
Multi-factor authentication SMS code is not arriving on my mobile phone.,TECHNICAL
"CSS styles are broken on Chrome version 120, looks unstyled.",TECHNICAL
API endpoint /v1/users is returning HTTP 403 Forbidden despite valid JWT token.,TECHNICAL
Mobile app stuck on splash screen after latest update on iOS 17.,TECHNICAL
Search functionality is not returning any results for existing records.,TECHNICAL
Webhooks are failing to deliver payload to our destination URL.,TECHNICAL
SSL certificate error NET::ERR_CERT_DATE_INVALID when opening application.,TECHNICAL
Memory leak observed in background sync process causing high CPU usage.,TECHNICAL
Docker container exits with code 137 out of memory error.,TECHNICAL
Drag and drop file upload is unresponsive on Firefox browser.,TECHNICAL
Single Sign-On SSO integration via Okta is failing with SAML response error.,TECHNICAL
System throws NullPointerException when filtering table by date range.,TECHNICAL
Audio export is distorted and dropping frames on rendering.,TECHNICAL
WebSocket connection closed unexpectedly with code 1006.,TECHNICAL
Password reset email link redirects to a 404 page not found.,TECHNICAL
Analytics dashboard widgets fail to load metrics data.,TECHNICAL
Error 502 Bad Gateway when accessing user dashboard.,TECHNICAL
Unable to connect to remote server via SSH port 22.,TECHNICAL
App crashes when switching between dark mode and light mode.,TECHNICAL
CSV import hangs at 99% progress bar and never completes.,TECHNICAL
Real-time notifications are delayed by over 30 minutes.,TECHNICAL
User permissions not updating after role change in admin console.,TECHNICAL
Cache invalidation issue causing outdated data to display.,TECHNICAL
High latency on GraphQL queries for nested resources.,TECHNICAL
"App freezes when loading dataset with more than 10,000 rows.",TECHNICAL
CORS header missing error when making fetch request from frontend domain.,TECHNICAL
Session expires every 5 minutes requiring constant re-login.,TECHNICAL
App crashes immediately on startup on Android 14 device,TECHNICAL
Getting 404 error when clicking on user settings tab,TECHNICAL
API rate limit 429 error returned even though requests are within quota,TECHNICAL
PDF generation script times out for reports larger than 10 pages,TECHNICAL
Cannot establish database pool connection timeout exceeded,TECHNICAL
Password field does not unmask password when clicking eye icon,TECHNICAL
Two-factor authentication code rejected as invalid every time,TECHNICAL
Background worker queue processing stopped unexpectedly,TECHNICAL
Microservice service mesh throwing 503 Service Unavailable,TECHNICAL
File attachment upload fails with payload too large error 413,TECHNICAL
"Search index out of sync, newly created records do not appear in queries",TECHNICAL
Browser console shows Uncaught TypeError: Cannot read property of undefined,TECHNICAL
Git integration failing to sync repository changes to workspace,TECHNICAL
User session drops when navigating between subdomains,TECHNICAL
System response time degraded from 200ms to over 5 seconds,TECHNICAL
Database migration script failed with deadlock detected error,TECHNICAL
Mobile push notifications stopped working for iOS devices,TECHNICAL
Video playback stutters and buffers continuously on web app,TECHNICAL
REST API POST request fails with 400 Bad Request JSON malformed,TECHNICAL
Unable to configure custom domain DNS CNAME record verification failing,TECHNICAL
App crashes when clicking on analytics export button,TECHNICAL
Memory consumption spikes to 100% when running data filter,TECHNICAL
Single sign-on SAML assertion expired error during login,TECHNICAL
Web application not responsive on mobile screens layout broken,TECHNICAL
Export to Excel outputs corrupt .xlsx file that cannot be opened,TECHNICAL
Kafka consumer group rebalancing loop causing processing delays,TECHNICAL
Redis cache connection refused on port 6379,TECHNICAL
Password reset token marked as invalid or already used,TECHNICAL
Image upload thumbnail generation failing with PIL error,TECHNICAL
Cloud storage bucket access denied 403 when downloading reports,TECHNICAL
System log shows memory heap out of memory allocation failure,TECHNICAL
Automated backup job failed last night with disk full error,TECHNICAL
Frontend assets failed to load due to 404 on bundle.js file,TECHNICAL
WebSocket disconnects every 60 seconds with ping timeout,TECHNICAL
Admin dashboard loading indefinitely without displaying error message,TECHNICAL
Network socket connection reset by peer during file transfer,TECHNICAL
Mobile app keyboard overlaps input fields making form unfillable,TECHNICAL
Third-party OAuth login via Google returning access_denied error,TECHNICAL
Database query execution time exceeded maximum limit of 30s,TECHNICAL
Dark mode toggle resets back to light mode on page refresh,TECHNICAL
Unable to generate API keys in developer console button disabled,TECHNICAL
Server returns HTTP 504 Gateway Timeout on heavy report query,TECHNICAL
App crashes when uploading files larger than 5MB,TECHNICAL
User authentication cookie not setting SameSite attribute correctly,TECHNICAL
Email template rendering broken with raw HTML code showing,TECHNICAL
System throws 500 error when submitting contact form,TECHNICAL
Elasticsearch cluster status yellow unassigned shards error,TECHNICAL
Unable to clear app cache on iOS settings menu,TECHNICAL
App freezes when scrolling through long drop-down options list,TECHNICAL
Invalid JWT token signature error when making API requests,TECHNICAL
Database table row lock preventing user record updates,TECHNICAL
Docker service fails to start container port already in use,TECHNICAL
Mobile app battery drain issue running intensive background process,TECHNICAL
Form submission button double submits creating duplicate entries,TECHNICAL
API endpoint returning 500 error when payload contains special symbols,TECHNICAL
App crashes when rotating screen orientation on tablet,TECHNICAL
SSL handshake failed when connecting to secure backend endpoint,TECHNICAL
Session timeout dialog appears immediately after logging in,TECHNICAL
System monitoring alert CPU usage above 95% threshold,TECHNICAL
Cannot upload profile photo file extension .png not recognized,TECHNICAL
Report graph not rendering canvas webgl error,TECHNICAL
App fails to connect to local network printer,TECHNICAL
Microservice RPC call failed with deadline exceeded status,TECHNICAL
Unable to delete team member from workspace permissions error,TECHNICAL
Infinite redirect loop when accessing login URL,TECHNICAL
Data sync failing between web application and mobile app,TECHNICAL
File download link triggers security browser warning blocked content,TECHNICAL
Password reset email not arriving in inbox or spam folder,TECHNICAL
App crashes on tap of notifications tab icon,TECHNICAL
Server time out error during bulk CSV record export,TECHNICAL
Web page displays raw JSON code instead of rendered UI page,TECHNICAL
Database primary key conflict on duplicate batch insert,TECHNICAL
User interface frozen modal dialog backdrop cannot be closed,TECHNICAL
API response structure changed breaking client-side parser,TECHNICAL
Unable to authorize desktop application device code expired,TECHNICAL
System throws 503 service unavailable during deployment window,TECHNICAL
File upload progress bar remains at 0% indefinitely,TECHNICAL
Memory leak in Node.js event listener preventing garbage collection,TECHNICAL
Login button unresponsive when clicked on Safari browser,TECHNICAL
Need salry slip,HR
Leave request pending,HR
Offer letter delay,HR
Bank details update,HR
Attendance not marked,HR
How do I submit my annual leave application for next month?,HR
When will the salary slips for July be uploaded to HR portal?,HR
Requesting update on my pending sick leave request submitted last Friday.,HR
Need to update my emergency contact details and home address in employee records.,HR
"My salary for this month was underpaid by 2 days, please review attendance log.",HR
Where can I find the official company holiday calendar for 2026?,HR
I haven't received my offer letter copy for the senior engineer role yet.,HR
How do I submit claims for medical expense reimbursement?,HR
Need HR approval for remote work request for next two weeks.,HR
Requesting experience letter and NOC for higher education application.,HR
My maternity leave application needs formal approval from HR department.,HR
How can I update my direct deposit bank account details in payroll?,HR
Discrepancy in leave balance counter on employee portal.,HR
Need letter of employment verification for home loan approval.,HR
Who is my assigned HR business partner for department queries?,HR
Requesting clarification on health insurance policy coverage details.,HR
Attendance for yesterday was marked absent even though I logged in.,HR
When will annual performance appraisal reviews begin?,HR
How to apply for parental paternity leave as per company policy?,HR
Need assistance updating tax declaration forms for financial year.,HR
Requesting copy of company code of conduct and HR policies handbook.,HR
Delay in processing joining bonus payment on first salary credit.,HR
How do I initiate offboarding resignation process in HR portal?,HR
PF provident fund UAN details mismatch in payroll profile.,HR
Need approval for internal job transfer application within company.,HR
How to request company laptop upgrade through internal HR IT request?,HR
Discrepancy in over-time calculation on last pay stub.,HR
Requesting extended unpaid leave of absence for personal reasons.,HR
How to enroll family members under group health insurance scheme?,HR
Need guidance on bereavement leave eligibility and document proof required.,HR
My biometric attendance clock-in was not recorded this morning.,HR
When will Form 16 tax certificate be issued by HR payroll team?,HR
Requesting confirmation of permanent employment status after probation period.,HR
How to claim travel allowance reimbursement for business trip expenses?,HR
Need HR assistance regarding workplace accommodation for medical condition.,HR
Questions regarding ESOP stock option vesting schedule and taxation.,HR
How do I download my monthly salary payslip from HR portal?,HR
My leave request for next week is still pending manager approval,HR
Requesting employment verification letter for visa processing,HR
How to update emergency contact number in employee profile?,HR
"Salary credited to wrong bank account, please update direct deposit info",HR
Attendance marked as half day despite working full hours on Monday,HR
Where to upload medical certificates for sick leave approval?,HR
Need copy of signed employment agreement and offer letter,HR
How to apply for study leave under professional development policy?,HR
Discrepancy in gross salary computation on current month payslip,HR
When is the deadline for submitting annual tax declaration proofs?,HR
How to request relocation allowance for office transfer?,HR
Need HR approval for working from home during home renovation,HR
PF transfer request from previous employer status update required,HR
How do I claim health insurance reimbursement for outpatient treatment?,HR
Requesting formal internship completion certificate for college submission,HR
"My probation period completed last week, when will confirmation letter be issued?",HR
Attendance portal not accepting manual punch adjustment request,HR
How to register newborn baby under company medical insurance plan?,HR
Need letter stating salary breakdown for bank credit card application,HR
Requesting clarification on casual leave carry forward rules for next year,HR
Who do I contact for exit interview scheduling after resignation?,HR
Salary slip for previous quarter missing from employee portal archive,HR
How to submit travel expense receipts for client visit reimbursement?,HR
Discrepancy in total leave days balance shown on dashboard,HR
Need HR assistance with Provident Fund account transfer,HR
How to apply for bereavement leave following family emergency?,HR
Requesting update on annual appraisal salary revision implementation date,HR
"My work anniversary was missed, checking on anniversary bonus eligibility",HR
How do I update marital status in company personnel records?,HR
Need copy of NDA non-disclosure agreement signed during onboarding,HR
Requesting approval for sabbatical leave of 3 months for higher studies,HR
Attendance clock-in app failed to capture location tag this morning,HR
When will performance bonus for Q2 be credited to bank account?,HR
How to request ergonomics chair for work from home setup?,HR
Need employment reference check letter for landlord lease agreement,HR
Salary deduction for income tax TDS seems higher than calculated,HR
How to register for internal leadership training program?,HR
Requesting update on maternity leave extension request,HR
Where can I view my accumulated annual leave encashment details?,HR
Need HR clear stance on moonlighting policy and side projects,HR
How to submit medical fitness certificate after returning from extended sick leave?,HR
Discrepancy in night shift allowance credit on pay slip,HR
Requesting relocation assistance details for new joining location,HR
How to update PAN card and Aadhaar details in HR database?,HR
Need official confirmation of notice period buyout approval,HR
Attendance punch missing due to server maintenance yesterday morning,HR
How to claim internet allowance under remote work reimbursement policy?,HR
Requesting copy of company grievance redressal policy document,HR
When will new health insurance ID cards be distributed to employees?,HR
"Salary credited late this month, when will direct deposit clear?",HR
How to apply for compensatory off comp-off for working on weekend?,HR
Need HR support for resolving workplace conflict within team,HR
Requesting experience certificate and service letter post resignation,HR
How to update residential address for Form 16 mailing?,HR
Discrepancy in LTA leave travel allowance claim processing,HR
Need clarification on maternity benefit entitlement and pay continuation,HR
Attendance regularization request rejected by system automatically,HR
How to register dependants for company dental coverage plan?,HR
Requesting duplicate copy of employee identity ID card,HR
Salary slip shows incorrect designation title after promotion,HR
How to submit fuel allowance bills for monthly reimbursement?,HR
Need confirmation on entitlement of paternity leave days,HR
Who handles employee assistance wellness counseling programs in HR?,HR
Attendance log missing punch-out timestamp for yesterday evening,HR
How to apply for internal job posting transfer to overseas office?,HR
Requesting clarification on notice period duration during probation,HR
Salary structure revision letter requested for bank loan application,HR
Where to find company holiday list for regional branch offices?,HR
Need assistance submitting medical claims through TPA insurance portal,HR
How to update official designation on email signature and HR profile?,HR
Discrepancy in gratuity calculation on final settlement quote,HR
Requesting extension of probation period review meeting date,HR
Attendance not recorded on remote working day due to system outage,HR
How to claim meal allowance reimbursement for late night shift work?,HR
Need HR letter confirming remote work authorization for digital nomad visa,HR
Salary credited without performance incentive component included,HR
How to register for company sponsored professional certification exam?,HR
Requesting copy of exit clearance form after final working day,HR
What are your office hours,GENERAL
Where is your office located,GENERAL
How do I contact support,GENERAL
Need pricing information,GENERAL
Do you have a demo,GENERAL
Can someone guide me on how to schedule a product demonstration call for our team?,GENERAL
What are your customer support working hours during public holidays?,GENERAL
Where is your corporate headquarters office located?,GENERAL
Do you offer discounts for non-profit organizations or educational institutions?,GENERAL
Could you send over a PDF product brochure and feature overview catalog?,GENERAL
How can I schedule a 30-minute sales call with an account representative?,GENERAL
Where can I find your privacy policy and security compliance documentation?,GENERAL
Are your services compliant with GDPR and HIPAA regulations?,GENERAL
Do you have a public roadmap for upcoming feature releases?,GENERAL
How do I sign up for your monthly product updates newsletter?,GENERAL
Is there a free trial period available before purchasing a plan?,GENERAL
What languages does your customer support team assist in?,GENERAL
Where can I view customer reviews and case studies from existing clients?,GENERAL
Do you provide customized enterprise deployment options?,GENERAL
How can we partner with your company as a reseller or affiliate?,GENERAL
What is the recommended browser and system configuration for your software?,GENERAL
Where can I find official branding guidelines and company logo assets?,GENERAL
Is there a community forum or user group for sharing tips and best practices?,GENERAL
How do I unsubscribe from promotional marketing emails?,GENERAL
Can you provide a comparison table between your basic and premium plans?,GENERAL
What is the maximum file storage limit per user account?,GENERAL
Do you offer training sessions or onboarding webinars for new teams?,GENERAL
Where can I find your terms of service and end-user license agreement?,GENERAL
How to report a security vulnerability or bug to your security team?,GENERAL
Do you offer a self-hosted on-premises deployment option?,GENERAL
What is your average uptime SLA commitment for enterprise clients?,GENERAL
How do I contact your media relations or press inquiry department?,GENERAL
Are there any upcoming user conference events or webinars planned?,GENERAL
Can I request a custom feature build specifically for our workflow?,GENERAL
Where can I read user documentation and video tutorials?,GENERAL
What is your company's physical mailing address for corporate notices?,GENERAL
Do you support custom integrations with third-party software tools?,GENERAL
How long has your company been in operation?,GENERAL
Where can I check real-time system status and service uptime?,GENERAL
What are your standard support response time SLAs?,GENERAL
Where can I download your company logo and press kit assets?,GENERAL
Do you offer live chat support on weekends?,GENERAL
How can I request a live demo for 20 team members?,GENERAL
Is your platform compliant with SOC 2 Type II standards?,GENERAL
Where is your primary data center facility located?,GENERAL
Can you provide a high-level overview of key platform features?,GENERAL
Do you have partner program opportunities for agencies?,GENERAL
What is your customer support contact phone number?,GENERAL
How to request a formal sales quote for enterprise licensing?,GENERAL
Where can I find user documentation guides and API docs?,GENERAL
Do you offer discounts for multi-year contracts?,GENERAL
What is the process for submitting product feedback or feature requests?,GENERAL
Is your mobile application available on both iOS and Android?,GENERAL
How do I subscribe to your engineering tech blog?,GENERAL
Where can I read success stories and customer testimonials?,GENERAL
What is your policy regarding data privacy and user tracking?,GENERAL
Do you have an ambassador or referral program?,GENERAL
How to register for the upcoming product launch webinar?,GENERAL
What are the system hardware requirements for running your software?,GENERAL
Where can I view your company's carbon neutral sustainability report?,GENERAL
Do you support multiple languages in the user interface?,GENERAL
How do I get in touch with your business development team?,GENERAL
What is the difference between starter plan and professional plan?,GENERAL
Where can I check if there is an ongoing service maintenance outage?,GENERAL
Do you offer student or academic institution discounts?,GENERAL
How can I request a security compliance questionnaire response?,GENERAL
What is your official corporate registration and tax ID number?,GENERAL
Where to find getting started guides for new user onboarding?,GENERAL
Do you host community meetup events or developer hackathons?,GENERAL
How to change communication preferences in my account?,GENERAL
What is your refund policy for unused annual subscriptions?,GENERAL
Where can I find whitepapers on your technology architecture?,GENERAL
Do you provide dedicated account managers for enterprise customers?,GENERAL
How can I report a copyright infringement or DMCA notice?,GENERAL
What is your SLA commitment for urgent high severity support tickets?,GENERAL
Where to submit press inquiries or interview requests with founders?,GENERAL
Do you offer custom training workshops for corporate enterprise teams?,GENERAL
How can I opt out of telemetry and usage analytics collection?,GENERAL
What are the supported payment options available on your platform?,GENERAL
Where can I download the latest version release notes?,GENERAL
Do you have a reseller network in the Asia Pacific region?,GENERAL
How to contact your data protection officer DPO for privacy queries?,GENERAL
What is the maximum file size supported for cloud storage?,GENERAL
Where to find official user forum and discussion community?,GENERAL
Do you offer SLA guarantees for 99.99% infrastructure availability?,GENERAL
How to schedule an architecture review call with your solutions engineers?,GENERAL
What is your policy on data retention after account cancellation?,GENERAL
Where can I view pricing plans and feature matrix comparison?,GENERAL
Do you support single sign-on integration out of the box?,GENERAL
How to sign up for beta testing upcoming experimental features?,GENERAL
What are your holiday support desk operational hours?,GENERAL
Where is your European regional office located?,GENERAL
Do you offer custom SLA options for mission-critical enterprise workloads?,GENERAL
How can I verify the authenticity of an email sent by your domain?,GENERAL
What is your company vision and product development roadmap?,GENERAL
Where can I find video walkthroughs and feature tutorial playlists?,GENERAL
Do you provide phone call support or screen sharing sessions?,GENERAL
How to request a formal vendor security assessment compliance packet?,GENERAL
What are the options for exporting company data if we leave the platform?,GENERAL
Where can I check your current cloud uptime historical statistics?,GENERAL
Do you offer non-profit organization discounts on annual tiers?,GENERAL
How can I reach your legal department regarding terms of service?,GENERAL
What is the minimum contract commitment required for custom enterprise plan?,GENERAL
Where to report phishing attempts impersonating your support team?,GENERAL
Do you host regular product training webinars for new admins?,GENERAL
How to request a trial extension for evaluating features longer?,GENERAL
What are the best practices for migrating data into your platform?,GENERAL
Where can I view your ISO 27001 certification document?,GENERAL
Do you support custom domain branding for customer portals?,GENERAL
How to contact support when unable to access account email?,GENERAL
What is your policy regarding subprocessor data sharing?,GENERAL
Where to find product roadmap voting board for requesting features?,GENERAL
"Do you offer local currency invoicing in CAD, AUD, and GBP?",GENERAL
How can I schedule a 1-on-1 onboarding session with customer success?,GENERAL
What is the address of your main customer service operations center?,GENERAL
Why is my account status marked past due when payment was made 2 days ago? Waiting for your prompt reply.,BILLING
Where can I view and download past payment receipts in PDF format? Appreciate your assistance.,BILLING
Customer request: Unfamiliar charge appearing on credit card statement with merchant name.,BILLING
Requesting itemized expense receipt for employer reimbursement process.,BILLING
Our accounting department requires a GST invoice with company tax registration.,BILLING
"Please assist with: Discount code SAVE30 failed to apply at checkout, please refund difference. Looking forward to your help.",BILLING
Transaction failed at checkout gateway but money was deducted from bank. Please resolve this as soon as possible.,BILLING
Urgent inquiry: Why was sales tax applied when our organization is tax-exempt? Appreciate your assistance.,BILLING
"Hello, Is tax included in the quoted price or added separately at checkout?",BILLING
"Double charge on debit card for annual renewal, please reverse second payment. Thank you.",BILLING
Urgent inquiry: Subscription auto-renewed without sending prior renewal reminder notice. Please resolve this as soon as possible.,BILLING
Urgent inquiry: Subscription auto-renewed without sending prior renewal reminder notice.,BILLING
Can we change billing cycle from monthly recurring to discounted annual billing?,BILLING
Kindly check: Is tax included in the quoted price or added separately at checkout? Waiting for your prompt reply.,BILLING
Why is my account status marked past due when payment was made 2 days ago?,BILLING
Kindly waive the late payment processing fee on our monthly invoice.,BILLING
Customer request: Need to update billing contact email and primary credit card expiration date.,BILLING
Kindly check: Disputing unauthorized charge billed to my corporate card statement. Kindly update me on this.,BILLING
"Hi support team, Why is my account status marked past due when payment was made 2 days ago?",BILLING
"Double charge on debit card for annual renewal, please reverse second payment. Please resolve this as soon as possible.",BILLING
"Good day, Requesting immediate full refund for accidental double charge on credit card.",BILLING
Kindly waive the late payment processing fee on our monthly invoice. Please resolve this as soon as possible.,BILLING
"Invoice shows wrong company address, please reissue corrected receipt. Appreciate your assistance.",BILLING
"Invoice shows wrong company address, please reissue corrected receipt. Kindly update me on this.",BILLING
"Hello, Charged for 10 user seats instead of 5 user seats on our account.",BILLING
Subscription auto-renewed without sending prior renewal reminder notice. Thanks in advance!,BILLING
Customer request: Payment declined code 402 transaction limit exceeded on card. Appreciate your assistance.,BILLING
Can we pay via bank wire transfer or ACH instead of corporate credit card? Thanks in advance!,BILLING
Unfamiliar charge appearing on credit card statement with merchant name. Thanks in advance!,BILLING
Can I transfer remaining paid subscription balance to another user? Waiting for your prompt reply.,BILLING
"Hi support team, How long does a pending credit card refund take to clear in bank account?",BILLING
"Discount code SAVE30 failed to apply at checkout, please refund difference. Need this fixed today.",BILLING
"Urgent inquiry: My card expired and auto-renewal failed, how to update payment details?",BILLING
"Hello, Kindly waive the late payment processing fee on our monthly invoice.",BILLING
Customer request: Requesting itemized expense receipt for employer reimbursement process.,BILLING
Urgent inquiry: Requesting credit note for the overbilled amount on last month's statement. Kindly update me on this.,BILLING
Please assist with: Transaction failed at checkout gateway but money was deducted from bank. Please resolve this as soon as possible.,BILLING
Requesting immediate full refund for accidental double charge on credit card. Looking forward to your help.,BILLING
I was billed twice for my subscription payment on July 15th. Kindly update me on this.,BILLING
Payment declined code 402 transaction limit exceeded on card. Please resolve this as soon as possible.,BILLING
Kindly check: Our accounting department requires a GST invoice with company tax registration. Appreciate your assistance.,BILLING
Unfamiliar charge appearing on credit card statement with merchant name.,BILLING
Subscription auto-renewed without sending prior renewal reminder notice.,BILLING
Kindly check: Please resend the official tax invoice for invoice number #9901.,BILLING
"Good day, Need to update billing contact email and primary credit card expiration date. Thanks in advance!",BILLING
Requesting credit note for the overbilled amount on last month's statement. Thanks in advance!,BILLING
Unfamiliar charge appearing on credit card statement with merchant name. Waiting for your prompt reply.,BILLING
Please assist with: Can we pay via bank wire transfer or ACH instead of corporate credit card?,BILLING
"Hi support team, Can I transfer remaining paid subscription balance to another user?",BILLING
"Invoice shows wrong company address, please reissue corrected receipt.",BILLING
"Kindly check: My card expired and auto-renewal failed, how to update payment details? Need this fixed today.",BILLING
Please assist with: How long does a pending credit card refund take to clear in bank account? Need this fixed today.,BILLING
"Quick question regarding this: Discount code SAVE30 failed to apply at checkout, please refund difference.",BILLING
Need to update billing contact email and primary credit card expiration date.,BILLING
"Hello, Invoice shows wrong company address, please reissue corrected receipt.",BILLING
"Hi support team, Why was sales tax applied when our organization is tax-exempt?",BILLING
Customer request: Requesting credit note for the overbilled amount on last month's statement. Thank you.,BILLING
Is tax included in the quoted price or added separately at checkout? Need this fixed today.,BILLING
Need pro-forma invoice before our finance team can release purchase order payment. Waiting for your prompt reply.,BILLING
Quick question regarding this: I was billed twice for my subscription payment on July 15th. Please resolve this as soon as possible.,BILLING
Charged for 10 user seats instead of 5 user seats on our account.,BILLING
Kindly check: Why was sales tax applied when our organization is tax-exempt? Appreciate your assistance.,BILLING
I was billed twice for my subscription payment on July 15th. Appreciate your assistance.,BILLING
"Hello, Invoice shows wrong company address, please reissue corrected receipt. Need this fixed today.",BILLING
"Customer request: Discount code SAVE30 failed to apply at checkout, please refund difference.",BILLING
"Please assist with: My card expired and auto-renewal failed, how to update payment details? Looking forward to your help.",BILLING
I was billed twice for my subscription payment on July 15th.,BILLING
Where can I view and download past payment receipts in PDF format? Thank you.,BILLING
Why did my monthly plan price increase without prior email notification? Appreciate your assistance.,BILLING
Need pro-forma invoice before our finance team can release purchase order payment. Looking forward to your help.,BILLING
Kindly waive the late payment processing fee on our monthly invoice. Waiting for your prompt reply.,BILLING
Requesting itemized expense receipt for employer reimbursement process. Please resolve this as soon as possible.,BILLING
"Discount code SAVE30 failed to apply at checkout, please refund difference. Looking forward to your help.",BILLING
"Hi support team, Subscription auto-renewed without sending prior renewal reminder notice.",BILLING
Requesting credit note for the overbilled amount on last month's statement. Need this fixed today.,BILLING
Why is my account status marked past due when payment was made 2 days ago? Need this fixed today.,BILLING
Requesting immediate full refund for accidental double charge on credit card. Please resolve this as soon as possible.,BILLING
Urgent inquiry: Why was sales tax applied when our organization is tax-exempt? Waiting for your prompt reply.,BILLING
Kindly check: Transaction failed at checkout gateway but money was deducted from bank.,BILLING
Urgent inquiry: Why was sales tax applied when our organization is tax-exempt?,BILLING
Kindly waive the late payment processing fee on our monthly invoice. Appreciate your assistance.,BILLING
"Hello, Is tax included in the quoted price or added separately at checkout? Thank you.",BILLING
Is tax included in the quoted price or added separately at checkout? Thank you.,BILLING
How long does a pending credit card refund take to clear in bank account? Looking forward to your help.,BILLING
Urgent inquiry: Unfamiliar charge appearing on credit card statement with merchant name.,BILLING
"Hi support team, Kindly waive the late payment processing fee on our monthly invoice. Looking forward to your help.",BILLING
Disputing unauthorized charge billed to my corporate card statement.,BILLING
"Hi support team, Is tax included in the quoted price or added separately at checkout?",BILLING
"Hello, Double charge on debit card for annual renewal, please reverse second payment.",BILLING
"My card expired and auto-renewal failed, how to update payment details? Appreciate your assistance.",BILLING
Kindly check: Payment declined code 402 transaction limit exceeded on card.,BILLING
"Hi support team, Please resend the official tax invoice for invoice number #9901.",BILLING
"Hi support team, Payment processed successfully on PayPal but account still shows pending.",BILLING
Why was sales tax applied when our organization is tax-exempt? Thank you.,BILLING
"Hi support team, I was billed twice for my subscription payment on July 15th. Need this fixed today.",BILLING
"Discount code SAVE30 failed to apply at checkout, please refund difference.",BILLING
"Hi support team, Where can I view and download past payment receipts in PDF format?",BILLING
Transaction failed at checkout gateway but money was deducted from bank.,BILLING
"Hi support team, Why was sales tax applied when our organization is tax-exempt? Kindly update me on this.",BILLING
Customer request: I was billed twice for my subscription payment on July 15th.,BILLING
Customer request: Payment processed successfully on PayPal but account still shows pending. Kindly update me on this.,BILLING
"Good day, Can I transfer remaining paid subscription balance to another user? Thank you.",BILLING
Requesting credit note for the overbilled amount on last month's statement. Kindly update me on this.,BILLING
"Good day, How long does a pending credit card refund take to clear in bank account?",BILLING
"Hi support team, Discount code SAVE30 failed to apply at checkout, please refund difference.",BILLING
Kindly waive the late payment processing fee on our monthly invoice. Thanks in advance!,BILLING
"Customer request: Double charge on debit card for annual renewal, please reverse second payment.",BILLING
Where can I view and download past payment receipts in PDF format? Please resolve this as soon as possible.,BILLING
Kindly check: Unfamiliar charge appearing on credit card statement with merchant name.,BILLING
Can we pay via bank wire transfer or ACH instead of corporate credit card?,BILLING
Quick question regarding this: Can we pay via bank wire transfer or ACH instead of corporate credit card?,BILLING
Urgent inquiry: I cancelled my subscription last week but received a charge today.,BILLING
Is tax included in the quoted price or added separately at checkout?,BILLING
Please assist with: Requesting credit note for the overbilled amount on last month's statement.,BILLING
I was billed twice for my subscription payment on July 15th. Waiting for your prompt reply.,BILLING
Need to update billing contact email and primary credit card expiration date. Thank you.,BILLING
Payment declined code 402 transaction limit exceeded on card. Thank you.,BILLING
Please assist with: Payment processed successfully on PayPal but account still shows pending.,BILLING
"Hello, Subscription auto-renewed without sending prior renewal reminder notice.",BILLING
Subscription auto-renewed without sending prior renewal reminder notice. Appreciate your assistance.,BILLING
"Good day, Our accounting department requires a GST invoice with company tax registration. Appreciate your assistance.",BILLING
Payment processed successfully on PayPal but account still shows pending. Kindly update me on this.,BILLING
Can we pay via bank wire transfer or ACH instead of corporate credit card? Please resolve this as soon as possible.,BILLING
How long does a pending credit card refund take to clear in bank account? Appreciate your assistance.,BILLING
Quick question regarding this: Is tax included in the quoted price or added separately at checkout?,BILLING
Urgent inquiry: Payment declined code 402 transaction limit exceeded on card.,BILLING
Please resend the official tax invoice for invoice number #9901.,BILLING
"Hi support team, Is tax included in the quoted price or added separately at checkout? Waiting for your prompt reply.",BILLING
"Urgent inquiry: Double charge on debit card for annual renewal, please reverse second payment.",BILLING
I cancelled my subscription last week but received a charge today.,BILLING
Why did my monthly plan price increase without prior email notification? Need this fixed today.,BILLING
Quick question regarding this: Is tax included in the quoted price or added separately at checkout? Thank you.,BILLING
Customer request: Need to update billing contact email and primary credit card expiration date. Thanks in advance!,BILLING
Please assist with: Is tax included in the quoted price or added separately at checkout?,BILLING
Why did my monthly plan price increase without prior email notification? Looking forward to your help.,BILLING
Requesting itemized expense receipt for employer reimbursement process. Looking forward to your help.,BILLING
Payment processed successfully on PayPal but account still shows pending. Thank you.,BILLING
"Discount code SAVE30 failed to apply at checkout, please refund difference. Kindly update me on this.",BILLING
Is tax included in the quoted price or added separately at checkout? Please resolve this as soon as possible.,BILLING
Disputing unauthorized charge billed to my corporate card statement. Looking forward to your help.,BILLING
Urgent inquiry: Charged for 10 user seats instead of 5 user seats on our account.,BILLING
Payment processed successfully on PayPal but account still shows pending.,BILLING
Customer request: Charged for 10 user seats instead of 5 user seats on our account. Appreciate your assistance.,BILLING
Urgent inquiry: I cancelled my subscription last week but received a charge today. Appreciate your assistance.,BILLING
Customer request: Can we pay via bank wire transfer or ACH instead of corporate credit card?,BILLING
"Good day, Double charge on debit card for annual renewal, please reverse second payment.",BILLING
Urgent inquiry: Please resend the official tax invoice for invoice number #9901. Waiting for your prompt reply.,BILLING
Urgent inquiry: I cancelled my subscription last week but received a charge today. Please resolve this as soon as possible.,BILLING
Can we change billing cycle from monthly recurring to discounted annual billing? Thank you.,BILLING
Need to update billing contact email and primary credit card expiration date. Appreciate your assistance.,BILLING
Quick question regarding this: Can we change billing cycle from monthly recurring to discounted annual billing? Appreciate your assistance.,BILLING
"Good day, How long does a pending credit card refund take to clear in bank account? Need this fixed today.",BILLING
Transaction failed at checkout gateway but money was deducted from bank. Appreciate your assistance.,BILLING
Why was sales tax applied when our organization is tax-exempt? Thanks in advance!,BILLING
"Good day, Payment processed successfully on PayPal but account still shows pending.",BILLING
Need pro-forma invoice before our finance team can release purchase order payment. Please resolve this as soon as possible.,BILLING
Urgent inquiry: Is tax included in the quoted price or added separately at checkout?,BILLING
"Discount code SAVE30 failed to apply at checkout, please refund difference. Thanks in advance!",BILLING
Why is my account status marked past due when payment was made 2 days ago? Appreciate your assistance.,BILLING
Please assist with: Charged for 10 user seats instead of 5 user seats on our account.,BILLING
"Good day, Why did my monthly plan price increase without prior email notification?",BILLING
Please assist with: Transaction failed at checkout gateway but money was deducted from bank.,BILLING
"Hi support team, Can I transfer remaining paid subscription balance to another user? Looking forward to your help.",BILLING
"Hello, Why was sales tax applied when our organization is tax-exempt? Kindly update me on this.",BILLING
"Hi support team, Double charge on debit card for annual renewal, please reverse second payment.",BILLING
Why was sales tax applied when our organization is tax-exempt?,BILLING
Is tax included in the quoted price or added separately at checkout? Appreciate your assistance.,BILLING
Payment processed successfully on PayPal but account still shows pending. Thanks in advance!,BILLING
"Hi support team, I was billed twice for my subscription payment on July 15th. Kindly update me on this.",BILLING
HTTP 502 Bad Gateway error when opening team workspace dashboard. Need this fixed today.,TECHNICAL
Analytics dashboard graphs fail to render metric visualization widgets.,TECHNICAL
CSV file import hangs at 99% progress bar and never completes processing.,TECHNICAL
Quick question regarding this: Cache invalidation issue showing outdated data on dashboard refresh.,TECHNICAL
Webhooks are failing to deliver JSON payload to our target endpoint. Waiting for your prompt reply.,TECHNICAL
Please assist with: Single Sign-On SSO SAML authentication failed with assertion error. Thank you.,TECHNICAL
Quick question regarding this: Single Sign-On SSO SAML authentication failed with assertion error.,TECHNICAL
User session expires every 5 minutes requiring continuous re-authentication. Please resolve this as soon as possible.,TECHNICAL
Getting HTTP 500 Internal Server Error when clicking save on user profile. Waiting for your prompt reply.,TECHNICAL
App crashes immediately upon launch on Android version 14 device.,TECHNICAL
Kindly check: System throws NullPointerException when filtering reports by custom date range. Appreciate your assistance.,TECHNICAL
Please assist with: Analytics dashboard graphs fail to render metric visualization widgets. Waiting for your prompt reply.,TECHNICAL
Search function returns blank page instead of matching customer records. Need this fixed today.,TECHNICAL
App crashes when toggling between dark mode and light mode theme.,TECHNICAL
SSL certificate error NET::ERR_CERT_DATE_INVALID when accessing dashboard.,TECHNICAL
"Hello, API endpoint /v2/analytics returning 403 Forbidden despite valid token.",TECHNICAL
Database connection pool timed out after 30 seconds of inactivity.,TECHNICAL
"Hi support team, Single Sign-On SSO SAML authentication failed with assertion error. Thanks in advance!",TECHNICAL
"Good day, App crashes when toggling between dark mode and light mode theme. Waiting for your prompt reply.",TECHNICAL
System throws NullPointerException when filtering reports by custom date range. Please resolve this as soon as possible.,TECHNICAL
Customer request: User permissions failed to update after assigning admin role in console.,TECHNICAL
User session expires every 5 minutes requiring continuous re-authentication. Waiting for your prompt reply.,TECHNICAL
Customer request: SSL certificate error NET::ERR_CERT_DATE_INVALID when accessing dashboard.,TECHNICAL
Docker container exits with code 137 out of memory error during sync.,TECHNICAL
"Kindly check: App freezes when loading table datasets exceeding 5,000 rows.",TECHNICAL
Kindly check: Unable to establish SSH connection to cloud server on port 22. Please resolve this as soon as possible.,TECHNICAL
Urgent inquiry: Docker container exits with code 137 out of memory error during sync.,TECHNICAL
CORS header missing error when making fetch API call from frontend domain. Appreciate your assistance.,TECHNICAL
Unable to establish SSH connection to cloud server on port 22. Appreciate your assistance.,TECHNICAL
"Unable to login after password reset, page keeps redirecting back. Appreciate your assistance.",TECHNICAL
Urgent inquiry: High CPU usage and memory leak observed in background worker thread.,TECHNICAL
System throws NullPointerException when filtering reports by custom date range.,TECHNICAL
Please assist with: High latency on GraphQL queries for nested database entities. Looking forward to your help.,TECHNICAL
Password reset email link leads to 404 page not found broken URL. Waiting for your prompt reply.,TECHNICAL
"Customer request: App freezes when loading table datasets exceeding 5,000 rows.",TECHNICAL
Two-factor authentication 2FA SMS code is not arriving on mobile phone.,TECHNICAL
Urgent inquiry: HTTP 502 Bad Gateway error when opening team workspace dashboard. Thank you.,TECHNICAL
Customer request: API endpoint /v2/analytics returning 403 Forbidden despite valid token. Need this fixed today.,TECHNICAL
Two-factor authentication 2FA SMS code is not arriving on mobile phone. Kindly update me on this.,TECHNICAL
User permissions failed to update after assigning admin role in console.,TECHNICAL
"Hello, App crashes immediately upon launch on Android version 14 device.",TECHNICAL
Quick question regarding this: Audio video rendering stutters and drops frames during export.,TECHNICAL
Single Sign-On SSO SAML authentication failed with assertion error. Waiting for your prompt reply.,TECHNICAL
High CPU usage and memory leak observed in background worker thread. Kindly update me on this.,TECHNICAL
Please assist with: App crashes when toggling between dark mode and light mode theme. Looking forward to your help.,TECHNICAL
App crashes immediately upon launch on Android version 14 device. Thank you.,TECHNICAL
"Hello, Two-factor authentication 2FA SMS code is not arriving on mobile phone.",TECHNICAL
Please assist with: SSL certificate error NET::ERR_CERT_DATE_INVALID when accessing dashboard.,TECHNICAL
Search function returns blank page instead of matching customer records.,TECHNICAL
Export to Excel outputs corrupted file format that cannot be opened.,TECHNICAL
Please assist with: User session expires every 5 minutes requiring continuous re-authentication.,TECHNICAL
Quick question regarding this: Analytics dashboard graphs fail to render metric visualization widgets. Looking forward to your help.,TECHNICAL
"Good day, SSL certificate error NET::ERR_CERT_DATE_INVALID when accessing dashboard.",TECHNICAL
"Hi support team, Cache invalidation issue showing outdated data on dashboard refresh.",TECHNICAL
Password reset email link leads to 404 page not found broken URL. Please resolve this as soon as possible.,TECHNICAL
Push notifications delayed by over 45 minutes on iOS devices.,TECHNICAL
Kindly check: Drag and drop file upload component is unresponsive on Firefox browser.,TECHNICAL
Drag and drop file upload component is unresponsive on Firefox browser. Appreciate your assistance.,TECHNICAL
Urgent inquiry: Getting HTTP 500 Internal Server Error when clicking save on user profile.,TECHNICAL
Kindly check: App crashes when toggling between dark mode and light mode theme. Kindly update me on this.,TECHNICAL
"Hi support team, App crashes immediately upon launch on Android version 14 device.",TECHNICAL
Urgent inquiry: Single Sign-On SSO SAML authentication failed with assertion error.,TECHNICAL
Kindly check: Cache invalidation issue showing outdated data on dashboard refresh.,TECHNICAL
Search function returns blank page instead of matching customer records. Please resolve this as soon as possible.,TECHNICAL
Password reset email link leads to 404 page not found broken URL.,TECHNICAL
CSV file import hangs at 99% progress bar and never completes processing. Need this fixed today.,TECHNICAL
"Good day, CSV file import hangs at 99% progress bar and never completes processing. Please resolve this as soon as possible.",TECHNICAL
WebSocket connection closed unexpectedly with error code 1006.,TECHNICAL
Please assist with: App crashes immediately upon launch on Android version 14 device. Appreciate your assistance.,TECHNICAL
Drag and drop file upload component is unresponsive on Firefox browser.,TECHNICAL
Docker container exits with code 137 out of memory error during sync. Appreciate your assistance.,TECHNICAL
API endpoint /v2/analytics returning 403 Forbidden despite valid token. Kindly update me on this.,TECHNICAL
Customer request: Single Sign-On SSO SAML authentication failed with assertion error. Appreciate your assistance.,TECHNICAL
Webhooks are failing to deliver JSON payload to our target endpoint.,TECHNICAL
"App freezes when loading table datasets exceeding 5,000 rows. Waiting for your prompt reply.",TECHNICAL
Audio video rendering stutters and drops frames during export. Appreciate your assistance.,TECHNICAL
Search function returns blank page instead of matching customer records. Thank you.,TECHNICAL
Audio video rendering stutters and drops frames during export.,TECHNICAL
Urgent inquiry: System throws NullPointerException when filtering reports by custom date range. Thanks in advance!,TECHNICAL
Getting HTTP 500 Internal Server Error when clicking save on user profile. Please resolve this as soon as possible.,TECHNICAL
Please assist with: Push notifications delayed by over 45 minutes on iOS devices.,TECHNICAL
Customer request: WebSocket connection closed unexpectedly with error code 1006. Kindly update me on this.,TECHNICAL
Export to Excel outputs corrupted file format that cannot be opened. Need this fixed today.,TECHNICAL
Two-factor authentication 2FA SMS code is not arriving on mobile phone. Thank you.,TECHNICAL
"Good day, CSV file import hangs at 99% progress bar and never completes processing.",TECHNICAL
"Good day, App crashes when toggling between dark mode and light mode theme. Looking forward to your help.",TECHNICAL
Customer request: App crashes when toggling between dark mode and light mode theme. Thanks in advance!,TECHNICAL
Quick question regarding this: CORS header missing error when making fetch API call from frontend domain. Looking forward to your help.,TECHNICAL
API endpoint /v2/analytics returning 403 Forbidden despite valid token. Appreciate your assistance.,TECHNICAL
"Hello, Audio video rendering stutters and drops frames during export. Please resolve this as soon as possible.",TECHNICAL
Urgent inquiry: Export to Excel outputs corrupted file format that cannot be opened.,TECHNICAL
Cache invalidation issue showing outdated data on dashboard refresh. Appreciate your assistance.,TECHNICAL
"Hello, System throws NullPointerException when filtering reports by custom date range.",TECHNICAL
CORS header missing error when making fetch API call from frontend domain. Thank you.,TECHNICAL
Customer request: Unable to establish SSH connection to cloud server on port 22. Thanks in advance!,TECHNICAL
CORS header missing error when making fetch API call from frontend domain. Thanks in advance!,TECHNICAL
Kindly check: High latency on GraphQL queries for nested database entities. Appreciate your assistance.,TECHNICAL
Database connection pool timed out after 30 seconds of inactivity. Kindly update me on this.,TECHNICAL
"Please assist with: App freezes when loading table datasets exceeding 5,000 rows.",TECHNICAL
Cache invalidation issue showing outdated data on dashboard refresh. Please resolve this as soon as possible.,TECHNICAL
Single Sign-On SSO SAML authentication failed with assertion error. Appreciate your assistance.,TECHNICAL
Docker container exits with code 137 out of memory error during sync. Please resolve this as soon as possible.,TECHNICAL
Quick question regarding this: HTTP 502 Bad Gateway error when opening team workspace dashboard.,TECHNICAL
Password reset email link leads to 404 page not found broken URL. Need this fixed today.,TECHNICAL
"Good day, Analytics dashboard graphs fail to render metric visualization widgets. Waiting for your prompt reply.",TECHNICAL
Customer request: High latency on GraphQL queries for nested database entities. Waiting for your prompt reply.,TECHNICAL
"Hi support team, App crashes when toggling between dark mode and light mode theme.",TECHNICAL
High latency on GraphQL queries for nested database entities.,TECHNICAL
User permissions failed to update after assigning admin role in console. Appreciate your assistance.,TECHNICAL
Docker container exits with code 137 out of memory error during sync. Thanks in advance!,TECHNICAL
"Hello, Drag and drop file upload component is unresponsive on Firefox browser. Thanks in advance!",TECHNICAL
Urgent inquiry: Drag and drop file upload component is unresponsive on Firefox browser.,TECHNICAL
Analytics dashboard graphs fail to render metric visualization widgets. Please resolve this as soon as possible.,TECHNICAL
Please assist with: Unable to establish SSH connection to cloud server on port 22.,TECHNICAL
App crashes immediately upon launch on Android version 14 device. Waiting for your prompt reply.,TECHNICAL
"Hello, High latency on GraphQL queries for nested database entities. Thanks in advance!",TECHNICAL
API endpoint /v2/analytics returning 403 Forbidden despite valid token.,TECHNICAL
Customer request: Single Sign-On SSO SAML authentication failed with assertion error. Please resolve this as soon as possible.,TECHNICAL
"Hello, Single Sign-On SSO SAML authentication failed with assertion error. Need this fixed today.",TECHNICAL
"Please assist with: Unable to login after password reset, page keeps redirecting back.",TECHNICAL
"App freezes when loading table datasets exceeding 5,000 rows. Looking forward to your help.",TECHNICAL
Kindly check: Docker container exits with code 137 out of memory error during sync.,TECHNICAL
Customer request: HTTP 502 Bad Gateway error when opening team workspace dashboard. Kindly update me on this.,TECHNICAL
Please assist with: SSL certificate error NET::ERR_CERT_DATE_INVALID when accessing dashboard. Kindly update me on this.,TECHNICAL
Quick question regarding this: Webhooks are failing to deliver JSON payload to our target endpoint. Kindly update me on this.,TECHNICAL
Quick question regarding this: Analytics dashboard graphs fail to render metric visualization widgets. Waiting for your prompt reply.,TECHNICAL
"Good day, System throws NullPointerException when filtering reports by custom date range. Appreciate your assistance.",TECHNICAL
Export to Excel outputs corrupted file format that cannot be opened. Please resolve this as soon as possible.,TECHNICAL
User session expires every 5 minutes requiring continuous re-authentication.,TECHNICAL
"App freezes when loading table datasets exceeding 5,000 rows. Thanks in advance!",TECHNICAL
"Good day, Getting HTTP 500 Internal Server Error when clicking save on user profile. Appreciate your assistance.",TECHNICAL
Quick question regarding this: Password reset email link leads to 404 page not found broken URL.,TECHNICAL
High latency on GraphQL queries for nested database entities. Kindly update me on this.,TECHNICAL
Unable to establish SSH connection to cloud server on port 22. Kindly update me on this.,TECHNICAL
Webhooks are failing to deliver JSON payload to our target endpoint. Thanks in advance!,TECHNICAL
"Hi support team, User session expires every 5 minutes requiring continuous re-authentication. Appreciate your assistance.",TECHNICAL
Quick question regarding this: Webhooks are failing to deliver JSON payload to our target endpoint. Thank you.,TECHNICAL
"Hello, Cache invalidation issue showing outdated data on dashboard refresh. Please resolve this as soon as possible.",TECHNICAL
Customer request: App crashes when toggling between dark mode and light mode theme. Appreciate your assistance.,TECHNICAL
Customer request: Export to Excel outputs corrupted file format that cannot be opened.,TECHNICAL
Customer request: User session expires every 5 minutes requiring continuous re-authentication.,TECHNICAL
"Hello, Getting HTTP 500 Internal Server Error when clicking save on user profile. Please resolve this as soon as possible.",TECHNICAL
Cache invalidation issue showing outdated data on dashboard refresh.,TECHNICAL
"Good day, Unable to establish SSH connection to cloud server on port 22. Appreciate your assistance.",TECHNICAL
Urgent inquiry: API endpoint /v2/analytics returning 403 Forbidden despite valid token. Thanks in advance!,TECHNICAL
Kindly check: App crashes when toggling between dark mode and light mode theme. Thanks in advance!,TECHNICAL
Kindly check: Docker container exits with code 137 out of memory error during sync. Need this fixed today.,TECHNICAL
Urgent inquiry: Database connection pool timed out after 30 seconds of inactivity.,TECHNICAL
API endpoint /v2/analytics returning 403 Forbidden despite valid token. Need this fixed today.,TECHNICAL
Kindly check: System throws NullPointerException when filtering reports by custom date range.,TECHNICAL
"Hi support team, Push notifications delayed by over 45 minutes on iOS devices.",TECHNICAL
Kindly check: Single Sign-On SSO SAML authentication failed with assertion error. Appreciate your assistance.,TECHNICAL
User permissions failed to update after assigning admin role in console. Need this fixed today.,TECHNICAL
CORS header missing error when making fetch API call from frontend domain.,TECHNICAL
Urgent inquiry: Audio video rendering stutters and drops frames during export.,TECHNICAL
"Quick question regarding this: App freezes when loading table datasets exceeding 5,000 rows. Waiting for your prompt reply.",TECHNICAL
"Customer request: Unable to login after password reset, page keeps redirecting back. Waiting for your prompt reply.",TECHNICAL
Drag and drop file upload component is unresponsive on Firefox browser. Looking forward to your help.,TECHNICAL
Customer request: Audio video rendering stutters and drops frames during export.,TECHNICAL
CORS header missing error when making fetch API call from frontend domain. Please resolve this as soon as possible.,TECHNICAL
"Customer request: Unable to login after password reset, page keeps redirecting back.",TECHNICAL
"Hi support team, Getting HTTP 500 Internal Server Error when clicking save on user profile. Waiting for your prompt reply.",TECHNICAL
Kindly check: High latency on GraphQL queries for nested database entities.,TECHNICAL
Kindly check: Database connection pool timed out after 30 seconds of inactivity.,TECHNICAL
Urgent inquiry: How do I submit my annual leave application for next month's vacation? Need this fixed today.,HR
Attendance for yesterday was marked absent despite logging in on time. Thank you.,HR
How to apply for parental paternity leave as per company leave policy?,HR
Need guidance on bereavement leave eligibility and proof submission. Kindly update me on this.,HR
"Hello, Discrepancy in leave balance counter displayed on employee dashboard. Kindly update me on this.",HR
"Hello, Requesting clarification on health insurance coverage and policy benefits.",HR
How do I submit my annual leave application for next month's vacation? Please resolve this as soon as possible.,HR
Discrepancy in overtime hours calculation on last monthly pay stub. Appreciate your assistance.,HR
How to enroll dependants under group family health insurance policy?,HR
Delay in processing joining bonus payment on first month salary slip. Thanks in advance!,HR
Urgent inquiry: Need employment verification letter for mortgage home loan application.,HR
Urgent inquiry: How do I submit my annual leave application for next month's vacation?,HR
Need guidance on bereavement leave eligibility and proof submission.,HR
"Hi support team, Discrepancy in leave balance counter displayed on employee dashboard.",HR
"Customer request: My salary for this month was underpaid by 2 days, please check attendance log. Waiting for your prompt reply.",HR
Customer request: Provident fund PF UAN details mismatch in employee payroll profile.,HR
When will annual performance appraisal review process begin?,HR
Urgent inquiry: How to request ergonomics desk chair through employee welfare request?,HR
Quick question regarding this: Delay in processing joining bonus payment on first month salary slip. Thank you.,HR
My maternity leave application requires formal approval from HR department. Waiting for your prompt reply.,HR
"Hello, When will annual performance appraisal review process begin?",HR
"Hello, Need HR approval for working remotely from home for the next two weeks.",HR
Please assist with: Requesting status update on my pending sick leave request from last Friday. Please resolve this as soon as possible.,HR
Delay in processing joining bonus payment on first month salary slip. Appreciate your assistance.,HR
"My salary for this month was underpaid by 2 days, please check attendance log. Need this fixed today.",HR
Quick question regarding this: Requesting extended unpaid leave of absence for personal reasons.,HR
Need assistance updating income tax declaration proofs for financial year. Thanks in advance!,HR
Kindly check: How can I update my direct deposit bank account details for payroll?,HR
How can I update my direct deposit bank account details for payroll? Appreciate your assistance.,HR
Please assist with: Attendance for yesterday was marked absent despite logging in on time.,HR
Discrepancy in leave balance counter displayed on employee dashboard. Need this fixed today.,HR
Discrepancy in overtime hours calculation on last monthly pay stub.,HR
Kindly check: Requesting status update on my pending sick leave request from last Friday.,HR
Kindly check: Requesting experience letter and service NOC for higher education application. Appreciate your assistance.,HR
How can I update my direct deposit bank account details for payroll?,HR
"Hello, Need employment verification letter for mortgage home loan application. Kindly update me on this.",HR
"Good day, Need employment verification letter for mortgage home loan application.",HR
"Hello, Need to update emergency contact details and residential address in profile.",HR
"Hi support team, How to apply for parental paternity leave as per company leave policy?",HR
Need employment verification letter for mortgage home loan application. Appreciate your assistance.,HR
How to enroll dependants under group family health insurance policy? Please resolve this as soon as possible.,HR
Requesting clarification on health insurance coverage and policy benefits. Thank you.,HR
Requesting clarification on health insurance coverage and policy benefits.,HR
"Good day, Requesting extended unpaid leave of absence for personal reasons.",HR
"Hi support team, How to request ergonomics desk chair through employee welfare request?",HR
Who is my assigned HR business partner for internal department queries? Thank you.,HR
Discrepancy in leave balance counter displayed on employee dashboard. Thanks in advance!,HR
Need employment verification letter for mortgage home loan application.,HR
Urgent inquiry: How to initiate formal resignation offboarding process in HR portal?,HR
"Customer request: My salary for this month was underpaid by 2 days, please check attendance log.",HR
Provident fund PF UAN details mismatch in employee payroll profile.,HR
Need guidance on bereavement leave eligibility and proof submission. Appreciate your assistance.,HR
Need HR approval for working remotely from home for the next two weeks. Thank you.,HR
"Good day, Requesting copy of company handbook and code of conduct policies.",HR
Requesting copy of company handbook and code of conduct policies.,HR
Quick question regarding this: Discrepancy in leave balance counter displayed on employee dashboard.,HR
Requesting clarification on health insurance coverage and policy benefits. Looking forward to your help.,HR
"Hello, Need assistance updating income tax declaration proofs for financial year.",HR
When will salary payslips for July be uploaded to employee portal?,HR
Kindly check: How to request ergonomics desk chair through employee welfare request? Need this fixed today.,HR
How do I submit my annual leave application for next month's vacation? Waiting for your prompt reply.,HR
Discrepancy in leave balance counter displayed on employee dashboard.,HR
Who is my assigned HR business partner for internal department queries? Thanks in advance!,HR
Requesting copy of company handbook and code of conduct policies. Thanks in advance!,HR
Who is my assigned HR business partner for internal department queries?,HR
My maternity leave application requires formal approval from HR department. Please resolve this as soon as possible.,HR
"My salary for this month was underpaid by 2 days, please check attendance log. Waiting for your prompt reply.",HR
Urgent inquiry: When will salary payslips for July be uploaded to employee portal? Looking forward to your help.,HR
Kindly check: Requesting experience letter and service NOC for higher education application. Kindly update me on this.,HR
My maternity leave application requires formal approval from HR department. Kindly update me on this.,HR
Requesting status update on my pending sick leave request from last Friday. Please resolve this as soon as possible.,HR
"My salary for this month was underpaid by 2 days, please check attendance log.",HR
I have not received my signed offer letter copy for the new engineering role.,HR
Provident fund PF UAN details mismatch in employee payroll profile. Waiting for your prompt reply.,HR
How can I update my direct deposit bank account details for payroll? Need this fixed today.,HR
Kindly check: How to initiate formal resignation offboarding process in HR portal? Please resolve this as soon as possible.,HR
"Hi support team, How can I update my direct deposit bank account details for payroll?",HR
Quick question regarding this: How to enroll dependants under group family health insurance policy?,HR
Kindly check: How do I submit my annual leave application for next month's vacation?,HR
Quick question regarding this: Delay in processing joining bonus payment on first month salary slip.,HR
Please assist with: How to apply for parental paternity leave as per company leave policy?,HR
Requesting experience letter and service NOC for higher education application. Need this fixed today.,HR
Quick question regarding this: How to initiate formal resignation offboarding process in HR portal?,HR
Quick question regarding this: Requesting status update on my pending sick leave request from last Friday. Appreciate your assistance.,HR
"My salary for this month was underpaid by 2 days, please check attendance log. Thank you.",HR
Discrepancy in overtime hours calculation on last monthly pay stub. Kindly update me on this.,HR
Customer request: Need employment verification letter for mortgage home loan application. Waiting for your prompt reply.,HR
Requesting extended unpaid leave of absence for personal reasons. Need this fixed today.,HR
Kindly check: Need assistance updating income tax declaration proofs for financial year.,HR
Kindly check: Need HR approval for working remotely from home for the next two weeks.,HR
Please assist with: Need HR approval for working remotely from home for the next two weeks.,HR
How to initiate formal resignation offboarding process in HR portal? Looking forward to your help.,HR
Please assist with: Need HR approval for working remotely from home for the next two weeks. Looking forward to your help.,HR
Requesting copy of company handbook and code of conduct policies. Thank you.,HR
Please assist with: Requesting copy of company handbook and code of conduct policies.,HR
Need HR approval for working remotely from home for the next two weeks.,HR
Quick question regarding this: When will annual performance appraisal review process begin?,HR
Need to update emergency contact details and residential address in profile.,HR
Need approval for internal job posting transfer application to another team. Waiting for your prompt reply.,HR
Discrepancy in overtime hours calculation on last monthly pay stub. Waiting for your prompt reply.,HR
Urgent inquiry: Provident fund PF UAN details mismatch in employee payroll profile. Appreciate your assistance.,HR
Quick question regarding this: How can I update my direct deposit bank account details for payroll?,HR
Who is my assigned HR business partner for internal department queries? Appreciate your assistance.,HR
Quick question regarding this: Attendance for yesterday was marked absent despite logging in on time.,HR
Requesting extended unpaid leave of absence for personal reasons. Waiting for your prompt reply.,HR
"Hi support team, Requesting copy of company handbook and code of conduct policies. Need this fixed today.",HR
Customer request: When will salary payslips for July be uploaded to employee portal?,HR
Urgent inquiry: Requesting status update on my pending sick leave request from last Friday. Thanks in advance!,HR
Customer request: How to initiate formal resignation offboarding process in HR portal? Looking forward to your help.,HR
"Good day, Requesting experience letter and service NOC for higher education application. Kindly update me on this.",HR
"Hello, How to apply for parental paternity leave as per company leave policy?",HR
Kindly check: How to request ergonomics desk chair through employee welfare request? Appreciate your assistance.,HR
Please assist with: Delay in processing joining bonus payment on first month salary slip.,HR
Urgent inquiry: How to apply for parental paternity leave as per company leave policy?,HR
"Hello, Need approval for internal job posting transfer application to another team. Appreciate your assistance.",HR
Customer request: Need guidance on bereavement leave eligibility and proof submission.,HR
Please assist with: Requesting clarification on health insurance coverage and policy benefits. Thank you.,HR
Requesting status update on my pending sick leave request from last Friday. Thanks in advance!,HR
Kindly check: Requesting clarification on health insurance coverage and policy benefits.,HR
"Hello, Provident fund PF UAN details mismatch in employee payroll profile. Need this fixed today.",HR
I have not received my signed offer letter copy for the new engineering role. Looking forward to your help.,HR
How do I submit my annual leave application for next month's vacation? Thank you.,HR
"Hi support team, Delay in processing joining bonus payment on first month salary slip.",HR
Attendance for yesterday was marked absent despite logging in on time. Thanks in advance!,HR
Requesting copy of company handbook and code of conduct policies. Waiting for your prompt reply.,HR
Urgent inquiry: When will annual performance appraisal review process begin?,HR
"Hi support team, Need guidance on bereavement leave eligibility and proof submission. Thanks in advance!",HR
How to apply for parental paternity leave as per company leave policy? Thanks in advance!,HR
"Hello, How to request ergonomics desk chair through employee welfare request?",HR
Attendance for yesterday was marked absent despite logging in on time.,HR
"Good day, How do I submit my annual leave application for next month's vacation? Kindly update me on this.",HR
Delay in processing joining bonus payment on first month salary slip.,HR
Quick question regarding this: Discrepancy in leave balance counter displayed on employee dashboard. Kindly update me on this.,HR
Need employment verification letter for mortgage home loan application. Thanks in advance!,HR
My maternity leave application requires formal approval from HR department. Appreciate your assistance.,HR
"Good day, My salary for this month was underpaid by 2 days, please check attendance log.",HR
"Hi support team, Requesting extended unpaid leave of absence for personal reasons. Kindly update me on this.",HR
Where can I find the official company holiday calendar for 2026? Waiting for your prompt reply.,HR
Quick question regarding this: How to request ergonomics desk chair through employee welfare request? Please resolve this as soon as possible.,HR
"Good day, How to enroll dependants under group family health insurance policy?",HR
"Hello, Who is my assigned HR business partner for internal department queries?",HR
"Hello, How do I submit medical expense receipts for insurance reimbursement?",HR
How do I submit medical expense receipts for insurance reimbursement?,HR
How do I submit my annual leave application for next month's vacation? Need this fixed today.,HR
Need to update emergency contact details and residential address in profile. Need this fixed today.,HR
"Hi support team, Discrepancy in overtime hours calculation on last monthly pay stub. Appreciate your assistance.",HR
"Good day, When will salary payslips for July be uploaded to employee portal?",HR
Who is my assigned HR business partner for internal department queries? Please resolve this as soon as possible.,HR
Kindly check: When will salary payslips for July be uploaded to employee portal?,HR
Delay in processing joining bonus payment on first month salary slip. Need this fixed today.,HR
Need to update emergency contact details and residential address in profile. Waiting for your prompt reply.,HR
How do I submit my annual leave application for next month's vacation?,HR
Urgent inquiry: How to initiate formal resignation offboarding process in HR portal? Appreciate your assistance.,HR
Who is my assigned HR business partner for internal department queries? Kindly update me on this.,HR
Kindly check: Requesting extended unpaid leave of absence for personal reasons.,HR
Requesting clarification on health insurance coverage and policy benefits. Appreciate your assistance.,HR
Discrepancy in leave balance counter displayed on employee dashboard. Waiting for your prompt reply.,HR
Quick question regarding this: Who is my assigned HR business partner for internal department queries?,HR
Quick question regarding this: Requesting experience letter and service NOC for higher education application.,HR
Please assist with: How do I submit medical expense receipts for insurance reimbursement?,HR
"Hi support team, Need employment verification letter for mortgage home loan application.",HR
Urgent inquiry: Are your services compliant with SOC 2 Type II and HIPAA standards?,GENERAL
What languages does your customer support support team assist in?,GENERAL
Do you offer onboarding training webinars or video tutorial courses? Thanks in advance!,GENERAL
How to report a security vulnerability or bug to your security team? Looking forward to your help.,GENERAL
Can you provide a feature comparison chart between basic and pro plans? Appreciate your assistance.,GENERAL
How do I sign up for your monthly product updates newsletter? Thank you.,GENERAL
Do you have a public roadmap for upcoming feature releases this year?,GENERAL
Quick question regarding this: Is there an official user community forum for sharing tips and tricks?,GENERAL
Where can I find your privacy policy and GDPR security compliance docs? Looking forward to your help.,GENERAL
"Hi support team, Is there a 14-day free trial period available before purchasing a plan?",GENERAL
"Good day, What are the minimum system hardware requirements for running software?",GENERAL
Please assist with: How to report a security vulnerability or bug to your security team? Looking forward to your help.,GENERAL
Urgent inquiry: Can you provide a feature comparison chart between basic and pro plans?,GENERAL
How to report a security vulnerability or bug to your security team? Kindly update me on this.,GENERAL
Can I request a custom feature build tailored to our company workflow?,GENERAL
How to report a security vulnerability or bug to your security team? Waiting for your prompt reply.,GENERAL
Urgent inquiry: Can you provide a feature comparison chart between basic and pro plans? Please resolve this as soon as possible.,GENERAL
Where can I access technical API documentation and developer guides?,GENERAL
"Hi support team, What languages does your customer support support team assist in?",GENERAL
Please assist with: What is the process for requesting a security assessment questionnaire response?,GENERAL
"Kindly check: Where can I read customer reviews, testimonials, and case study reports?",GENERAL
What is the process for requesting a security assessment questionnaire response?,GENERAL
Kindly check: Where can I access technical API documentation and developer guides?,GENERAL
Kindly check: What are the minimum system hardware requirements for running software?,GENERAL
Please assist with: Where can I view your terms of service and end-user license agreement?,GENERAL
How can we partner with your company as a reseller or integration partner? Kindly update me on this.,GENERAL
What is the maximum cloud file storage quota limit per user account? Please resolve this as soon as possible.,GENERAL
How can I schedule a 30-minute product demonstration call for our team? Please resolve this as soon as possible.,GENERAL
Customer request: Do you provide custom enterprise deployment options for large teams?,GENERAL
Urgent inquiry: Can I request a custom feature build tailored to our company workflow?,GENERAL
Kindly check: How to report a security vulnerability or bug to your security team?,GENERAL
How can I schedule a 30-minute product demonstration call for our team? Thanks in advance!,GENERAL
Kindly check: How to report a security vulnerability or bug to your security team? Looking forward to your help.,GENERAL
Do you have a public roadmap for upcoming feature releases this year? Need this fixed today.,GENERAL
What are your standard customer support operating hours on weekends?,GENERAL
Where can I find official branding guidelines and company logo assets? Thank you.,GENERAL
How do I unsubscribe from marketing promotional email notifications?,GENERAL
Where can I find your privacy policy and GDPR security compliance docs? Waiting for your prompt reply.,GENERAL
Urgent inquiry: Do you offer onboarding training webinars or video tutorial courses?,GENERAL
"Hello, Can you provide a feature comparison chart between basic and pro plans? Kindly update me on this.",GENERAL
What is your official uptime SLA commitment percentage for cloud hosting? Thanks in advance!,GENERAL
Quick question regarding this: How can we partner with your company as a reseller or integration partner?,GENERAL
What is the maximum cloud file storage quota limit per user account?,GENERAL
Do you offer pricing discounts for non-profit or educational institutions?,GENERAL
What is your official uptime SLA commitment percentage for cloud hosting?,GENERAL
Is there an official user community forum for sharing tips and tricks? Appreciate your assistance.,GENERAL
Customer request: Where can I view your terms of service and end-user license agreement?,GENERAL
"Hi support team, Is there an official user community forum for sharing tips and tricks?",GENERAL
"Hi support team, What is your official uptime SLA commitment percentage for cloud hosting? Kindly update me on this.",GENERAL
Do you offer an on-premises self-hosted deployment option?,GENERAL
"Hi support team, What is the process for requesting a security assessment questionnaire response?",GENERAL
Where can I access technical API documentation and developer guides? Need this fixed today.,GENERAL
Customer request: Do you offer pricing discounts for non-profit or educational institutions?,GENERAL
"Hello, How do I contact your public relations or media press department? Looking forward to your help.",GENERAL
Kindly check: How do I sign up for your monthly product updates newsletter? Thanks in advance!,GENERAL
Where can I access technical API documentation and developer guides? Waiting for your prompt reply.,GENERAL
"Hello, Do you offer onboarding training webinars or video tutorial courses? Thanks in advance!",GENERAL
"Hi support team, Can I request a custom feature build tailored to our company workflow? Kindly update me on this.",GENERAL
Urgent inquiry: Do you offer an on-premises self-hosted deployment option?,GENERAL
Are your services compliant with SOC 2 Type II and HIPAA standards?,GENERAL
"Good day, How do I contact your public relations or media press department?",GENERAL
Can I request a custom feature build tailored to our company workflow? Please resolve this as soon as possible.,GENERAL
Urgent inquiry: How do I contact your public relations or media press department?,GENERAL
"Hello, Are there any upcoming user conferences or developer hackathons planned? Appreciate your assistance.",GENERAL
How can I schedule a 30-minute product demonstration call for our team?,GENERAL
Is there a 14-day free trial period available before purchasing a plan? Kindly update me on this.,GENERAL
Customer request: What is your official uptime SLA commitment percentage for cloud hosting? Thank you.,GENERAL
"Good day, What are the minimum system hardware requirements for running software? Thank you.",GENERAL
"Hello, How can I schedule a 30-minute product demonstration call for our team?",GENERAL
Kindly check: What languages does your customer support support team assist in?,GENERAL
"Good day, Do you provide custom enterprise deployment options for large teams? Waiting for your prompt reply.",GENERAL
Please assist with: How can we partner with your company as a reseller or integration partner? Appreciate your assistance.,GENERAL
How can I schedule a 30-minute product demonstration call for our team? Kindly update me on this.,GENERAL
Is there an official user community forum for sharing tips and tricks?,GENERAL
Urgent inquiry: Do you offer an on-premises self-hosted deployment option? Waiting for your prompt reply.,GENERAL
How do I contact your public relations or media press department? Thank you.,GENERAL
Kindly check: Do you offer onboarding training webinars or video tutorial courses? Looking forward to your help.,GENERAL
Kindly check: Where can I find official branding guidelines and company logo assets?,GENERAL
Could you send over a PDF product brochure and feature matrix overview?,GENERAL
How can we partner with your company as a reseller or integration partner? Looking forward to your help.,GENERAL
"Hello, Where can I access technical API documentation and developer guides?",GENERAL
Quick question regarding this: How can I schedule a 30-minute product demonstration call for our team? Thanks in advance!,GENERAL
Quick question regarding this: Can I request a custom feature build tailored to our company workflow?,GENERAL
"Hello, What is your official uptime SLA commitment percentage for cloud hosting? Thanks in advance!",GENERAL
Please assist with: What is the maximum cloud file storage quota limit per user account? Appreciate your assistance.,GENERAL
"Hello, Are your services compliant with SOC 2 Type II and HIPAA standards?",GENERAL
How do I unsubscribe from marketing promotional email notifications? Appreciate your assistance.,GENERAL
"Hello, Where can I find official branding guidelines and company logo assets?",GENERAL
"Hello, What is the process for requesting a security assessment questionnaire response?",GENERAL
Please assist with: What is the maximum cloud file storage quota limit per user account? Waiting for your prompt reply.,GENERAL
Please assist with: What are the minimum system hardware requirements for running software? Please resolve this as soon as possible.,GENERAL
"Hi support team, How can we partner with your company as a reseller or integration partner? Please resolve this as soon as possible.",GENERAL
What languages does your customer support support team assist in? Looking forward to your help.,GENERAL
"Please assist with: Where can I read customer reviews, testimonials, and case study reports? Appreciate your assistance.",GENERAL
Where is your corporate headquarters office physical address located?,GENERAL
Where is your corporate headquarters office physical address located? Looking forward to your help.,GENERAL
Is there an official user community forum for sharing tips and tricks? Kindly update me on this.,GENERAL
Do you offer an on-premises self-hosted deployment option? Looking forward to your help.,GENERAL
"Where can I read customer reviews, testimonials, and case study reports?",GENERAL
"Where can I read customer reviews, testimonials, and case study reports? Thanks in advance!",GENERAL
Where can I find your privacy policy and GDPR security compliance docs?,GENERAL
Are there any upcoming user conferences or developer hackathons planned?,GENERAL
"Where can I read customer reviews, testimonials, and case study reports? Appreciate your assistance.",GENERAL
Urgent inquiry: How do I contact your public relations or media press department? Need this fixed today.,GENERAL
Do you offer pricing discounts for non-profit or educational institutions? Please resolve this as soon as possible.,GENERAL
What languages does your customer support support team assist in? Thanks in advance!,GENERAL
Do you offer pricing discounts for non-profit or educational institutions? Thanks in advance!,GENERAL
"Hi support team, Are there any upcoming user conferences or developer hackathons planned?",GENERAL
"Good day, Do you provide custom enterprise deployment options for large teams?",GENERAL
"Good day, Where can I view your terms of service and end-user license agreement?",GENERAL
Kindly check: What are your standard customer support operating hours on weekends?,GENERAL
Could you send over a PDF product brochure and feature matrix overview? Looking forward to your help.,GENERAL
Quick question regarding this: Can I request a custom feature build tailored to our company workflow? Need this fixed today.,GENERAL
Do you have a public roadmap for upcoming feature releases this year? Appreciate your assistance.,GENERAL
"Hello, How do I unsubscribe from marketing promotional email notifications?",GENERAL
How to report a security vulnerability or bug to your security team? Please resolve this as soon as possible.,GENERAL
Where can I find official branding guidelines and company logo assets? Looking forward to your help.,GENERAL
Where can I find official branding guidelines and company logo assets? Need this fixed today.,GENERAL
Customer request: What is the maximum cloud file storage quota limit per user account? Please resolve this as soon as possible.,GENERAL
Is there an official user community forum for sharing tips and tricks? Waiting for your prompt reply.,GENERAL
What are the minimum system hardware requirements for running software? Looking forward to your help.,GENERAL
Is there an official user community forum for sharing tips and tricks? Please resolve this as soon as possible.,GENERAL
"Hello, How do I sign up for your monthly product updates newsletter?",GENERAL
Customer request: How do I contact your public relations or media press department?,GENERAL
"Hello, Do you have a public roadmap for upcoming feature releases this year?",GENERAL
What is your official uptime SLA commitment percentage for cloud hosting? Kindly update me on this.,GENERAL
Kindly check: Where can I find your privacy policy and GDPR security compliance docs?,GENERAL
Quick question regarding this: What is the maximum cloud file storage quota limit per user account?,GENERAL
How to report a security vulnerability or bug to your security team? Need this fixed today.,GENERAL
Please assist with: Do you offer pricing discounts for non-profit or educational institutions?,GENERAL
Urgent inquiry: Do you offer pricing discounts for non-profit or educational institutions? Need this fixed today.,GENERAL
Where can I find your privacy policy and GDPR security compliance docs? Kindly update me on this.,GENERAL
"Hi support team, Where can I read customer reviews, testimonials, and case study reports? Kindly update me on this.",GENERAL
Do you provide custom enterprise deployment options for large teams? Looking forward to your help.,GENERAL
Where can I access technical API documentation and developer guides? Please resolve this as soon as possible.,GENERAL
Do you offer an on-premises self-hosted deployment option? Need this fixed today.,GENERAL
"Hi support team, Can you provide a feature comparison chart between basic and pro plans?",GENERAL
"Where can I read customer reviews, testimonials, and case study reports? Waiting for your prompt reply.",GENERAL
What are the minimum system hardware requirements for running software? Kindly update me on this.,GENERAL
Quick question regarding this: Do you offer onboarding training webinars or video tutorial courses?,GENERAL
What is the maximum cloud file storage quota limit per user account? Looking forward to your help.,GENERAL
Customer request: How do I unsubscribe from marketing promotional email notifications? Need this fixed today.,GENERAL
Kindly check: How do I sign up for your monthly product updates newsletter?,GENERAL
Quick question regarding this: What are the minimum system hardware requirements for running software?,GENERAL
What is the process for requesting a security assessment questionnaire response? Thank you.,GENERAL
Urgent inquiry: Where can I find your privacy policy and GDPR security compliance docs?,GENERAL
Could you send over a PDF product brochure and feature matrix overview? Need this fixed today.,GENERAL
"Hi support team, What is your official uptime SLA commitment percentage for cloud hosting?",GENERAL
Where is your corporate headquarters office physical address located? Thank you.,GENERAL
How do I unsubscribe from marketing promotional email notifications? Looking forward to your help.,GENERAL
Please assist with: Where is your corporate headquarters office physical address located?,GENERAL
"Hi support team, What is the process for requesting a security assessment questionnaire response? Need this fixed today.",GENERAL
Quick question regarding this: Is there a 14-day free trial period available before purchasing a plan?,GENERAL
Customer request: What are your standard customer support operating hours on weekends?,GENERAL
Urgent inquiry: What is the process for requesting a security assessment questionnaire response? Appreciate your assistance.,GENERAL
"Hello, How do I unsubscribe from marketing promotional email notifications? Thanks in advance!",GENERAL
"Hello, How do I contact your public relations or media press department?",GENERAL
Do you provide custom enterprise deployment options for large teams?,GENERAL
What languages does your customer support support team assist in? Kindly update me on this.,GENERAL
